{"stats":{"minecraft:crafted":{"minecraft:cooked_beef":4,"minecraft:crafting_table":1,"minecraft:furnace":1,"minecraft:air":0},"minecraft:mined":{"minecraft:mossy_cobblestone":1,"minecraft:deepslate_diamond_ore":1,"minecraft:iron_ore":3,"minecraft:short_grass":5,"minecraft:deepslate_iron_ore":7,"minecraft:tall_grass":1,"minecraft:stone":16,"minecraft:deepslate":1},"minecraft:dropped":{"minecraft:wheat_seeds":2,"minecraft:cooked_beef":3,"minecraft:diamond":1,"minecraft:rotten_flesh":2,"minecraft:beef":3,"minecraft:stone_pickaxe":1},"minecraft:picked_up":{"minecraft:raw_iron":32,"minecraft:mossy_cobblestone":1,"minecraft:rotten_flesh":4,"minecraft:diamond":2,"minecraft:wheat_seeds":4,"minecraft:cobbled_deepslate":2,"minecraft:beef":3,"minecraft:stone_pickaxe":3,"minecraft:iron_pickaxe":2,"minecraft:oak_planks":14,"minecraft:cobblestone":23,"minecraft:diamond_pickaxe":1},"minecraft:killed_by":{"minecraft:zombie":1},"minecraft:killed":{"minecraft:cow":1},"minecraft:custom":{"minecraft:time_since_rest":7380,"minecraft:interact_with_furnace":5,"minecraft:sprint_one_cm":53934,"minecraft:damage_taken":420,"minecraft:walk_one_cm":62506,"minecraft:mob_kills":1,"minecraft:drop":12,"minecraft:damage_dealt":103,"minecraft:swim_one_cm":2432,"minecraft:interact_with_crafting_table":2,"minecraft:fly_one_cm":83137,"minecraft:open_chest":5,"minecraft:crouch_one_cm":5599,"minecraft:play_time":16584,"minecraft:deaths":1,"minecraft:sneak_time":1592,"minecraft:walk_under_water_one_cm":3877,"minecraft:jump":386,"minecraft:time_since_death":7349,"minecraft:walk_on_water_one_cm":4857,"minecraft:sleep_in_bed":2,"minecraft:total_world_time":16584,"minecraft:fall_one_cm":11947},"minecraft:used":{"minecraft:diamond_pickaxe":1,"minecraft:iron_pickaxe":40,"minecraft:cobblestone":9,"minecraft:crafting_table":1,"minecraft:furnace":1,"minecraft:cooked_beef":1}},"DataVersion":3953}