{"stats":{"minecraft:crafted":{"minecraft:cooked_beef":4,"minecraft:oak_planks":112,"minecraft:iron_chestplate":1,"minecraft:crafting_table":1,"minecraft:iron_ingot":8,"minecraft:furnace":1,"minecraft:cooked_mutton":6,"minecraft:air":0},"minecraft:dropped":{"minecraft:wheat_seeds":2,"minecraft:cooked_beef":3,"minecraft:diamond":1,"minecraft:rotten_flesh":2,"minecraft:beef":3,"minecraft:stone_pickaxe":1,"minecraft:cooked_mutton":2},"minecraft:mined":{"minecraft:furnace":1,"minecraft:mossy_cobblestone":1,"minecraft:deepslate_diamond_ore":1,"minecraft:iron_ore":3,"minecraft:cobbled_deepslate":2,"minecraft:obsidian":2,"minecraft:short_grass":6,"minecraft:grass_block":1,"minecraft:oak_log":28,"minecraft:deepslate_iron_ore":7,"minecraft:tall_grass":1,"minecraft:stone":16,"minecraft:oak_leaves":2,"minecraft:deepslate":1},"minecraft:picked_up":{"minecraft:stick":1,"minecraft:raw_iron":38,"minecraft:music_disc_13":1,"minecraft:oak_log":28,"minecraft:dirt":1,"minecraft:mossy_cobblestone":1,"minecraft:rotten_flesh":14,"minecraft:diamond":3,"minecraft:wheat_seeds":5,"minecraft:cobbled_deepslate":4,"minecraft:iron_ingot":7,"minecraft:beef":3,"minecraft:stone_pickaxe":4,"minecraft:golden_apple":1,"minecraft:coal":4,"minecraft:bread":1,"minecraft:iron_pickaxe":2,"minecraft:iron_sword":1,"minecraft:obsidian":2,"minecraft:oak_planks":16,"minecraft:furnace":1,"minecraft:iron_boots":1,"minecraft:cobblestone":23,"minecraft:diamond_pickaxe":2},"minecraft:killed_by":{"minecraft:zombie":1},"minecraft:killed":{"minecraft:cow":1},"minecraft:custom":{"minecraft:time_since_rest":8277,"minecraft:interact_with_furnace":18,"minecraft:sprint_one_cm":81308,"minecraft:damage_taken":595,"minecraft:walk_one_cm":95602,"minecraft:mob_kills":1,"minecraft:drop":14,"minecraft:damage_dealt":103,"minecraft:swim_one_cm":2432,"minecraft:interact_with_crafting_table":7,"minecraft:fly_one_cm":124980,"minecraft:open_chest":5,"minecraft:crouch_one_cm":6866,"minecraft:play_time":28584,"minecraft:deaths":2,"minecraft:sneak_time":1941,"minecraft:walk_under_water_one_cm":4995,"minecraft:jump":573,"minecraft:time_since_death":8205,"minecraft:walk_on_water_one_cm":5821,"minecraft:sleep_in_bed":2,"minecraft:total_world_time":28584,"minecraft:fall_one_cm":18289},"minecraft:used":{"minecraft:cooked_mutton":2,"minecraft:diamond_pickaxe":6,"minecraft:bread":1,"minecraft:iron_pickaxe":40,"minecraft:mossy_cobblestone":1,"minecraft:dirt":1,"minecraft:cobblestone":9,"minecraft:crafting_table":1,"minecraft:furnace":1,"minecraft:cooked_beef":1}},"DataVersion":3953}