{"stats":{"minecraft:crafted":{"minecraft:cooked_beef":2,"minecraft:oak_planks":36,"minecraft:stone_shovel":1,"minecraft:diamond_sword":1,"minecraft:crafting_table":1,"minecraft:wooden_pickaxe":1,"minecraft:iron_helmet":1,"minecraft:iron_sword":1,"minecraft:furnace":1,"minecraft:bucket":1,"minecraft:stone_axe":2,"minecraft:air":0,"minecraft:iron_boots":2,"minecraft:iron_chestplate":1,"minecraft:diamond_pickaxe":2,"minecraft:shield":1,"minecraft:stick":24,"minecraft:iron_ingot":37,"minecraft:iron_pickaxe":1,"minecraft:stone_pickaxe":1,"minecraft:stone_sword":1,"minecraft:iron_leggings":1,"minecraft:white_bed":1,"minecraft:acacia_planks":16},"minecraft:mined":{"minecraft:deepslate_diamond_ore":8,"minecraft:obsidian":15,"minecraft:crafting_table":1,"minecraft:short_grass":3,"minecraft:acacia_log":4,"minecraft:grass_block":4,"minecraft:cobblestone":3,"minecraft:diorite":1,"minecraft:spawner":1,"minecraft:cobbled_deepslate":2,"minecraft:iron_ore":37,"minecraft:deepslate_lapis_ore":2,"minecraft:oak_log":10,"minecraft:coal_ore":11,"minecraft:deepslate_iron_ore":16,"minecraft:dirt":1,"minecraft:stone":29,"minecraft:gold_ore":1,"minecraft:white_wool":1,"minecraft:deepslate":39,"minecraft:oak_leaves":3},"minecraft:dropped":{"minecraft:iron_ingot":6,"minecraft:bread":1,"minecraft:iron_sword":3,"minecraft:wheat_seeds":1,"minecraft:cobbled_deepslate":2,"minecraft:diamond":1,"minecraft:raw_iron":21,"minecraft:rotten_flesh":8,"minecraft:oak_planks":16,"minecraft:iron_boots":1,"minecraft:golden_apple":1,"minecraft:music_disc_13":2,"minecraft:diamond_pickaxe":2,"minecraft:stone_pickaxe":2,"minecraft:iron_pickaxe":1},"minecraft:picked_up":{"minecraft:crafting_table":2,"minecraft:cooked_beef":3,"minecraft:leather":1,"minecraft:oak_log":9,"minecraft:lapis_lazuli":9,"minecraft:dirt":5,"minecraft:cooked_mutton":2,"minecraft:acacia_planks":3,"minecraft:wheat_seeds":2,"minecraft:cobbled_deepslate":35,"minecraft:raw_gold":1,"minecraft:iron_ingot":4,"minecraft:beef":6,"minecraft:stone_pickaxe":2,"minecraft:iron_sword":2,"minecraft:oak_planks":7,"minecraft:stick":5,"minecraft:raw_iron":81,"minecraft:music_disc_13":2,"minecraft:acacia_log":4,"minecraft:porkchop":2,"minecraft:diorite":2,"minecraft:rotten_flesh":12,"minecraft:stone_shovel":1,"minecraft:diamond":9,"minecraft:golden_apple":1,"minecraft:obsidian":16,"minecraft:mutton":10,"minecraft:coal":22,"minecraft:white_wool":12,"minecraft:cobblestone":46,"minecraft:diamond_pickaxe":1},"minecraft:killed":{"minecraft:pig":1,"minecraft:creeper":1,"minecraft:sheep":8,"minecraft:zombie":10,"minecraft:cow":1},"minecraft:custom":{"minecraft:interact_with_furnace":27,"minecraft:mob_kills":22,"minecraft:interact_with_crafting_table":24,"minecraft:leave_game":1,"minecraft:time_since_death":39448,"minecraft:sleep_in_bed":1,"minecraft:time_since_rest":36725,"minecraft:sprint_one_cm":119073,"minecraft:damage_taken":689,"minecraft:walk_one_cm":81247,"minecraft:damage_blocked_by_shield":638,"minecraft:drop":25,"minecraft:damage_dealt":3398,"minecraft:swim_one_cm":5849,"minecraft:fly_one_cm":257154,"minecraft:open_chest":1,"minecraft:crouch_one_cm":19141,"minecraft:play_time":50649,"minecraft:deaths":1,"minecraft:sneak_time":8822,"minecraft:walk_under_water_one_cm":16788,"minecraft:jump":1418,"minecraft:walk_on_water_one_cm":19890,"minecraft:total_world_time":55739,"minecraft:fall_one_cm":42904},"minecraft:used":{"minecraft:cooked_mutton":1,"minecraft:water_bucket":9,"minecraft:diorite":1,"minecraft:stone_sword":4,"minecraft:stone_shovel":5,"minecraft:stone_pickaxe":62,"minecraft:oak_planks":10,"minecraft:shield":8,"minecraft:wooden_pickaxe":10,"minecraft:iron_sword":44,"minecraft:rotten_flesh":2,"minecraft:white_wool":1,"minecraft:dirt":5,"minecraft:mutton":4,"minecraft:crafting_table":2,"minecraft:white_bed":1,"minecraft:diamond_pickaxe":96,"minecraft:lava_bucket":7,"minecraft:iron_pickaxe":3,"minecraft:stone_axe":20,"minecraft:cobblestone":9,"minecraft:furnace":1,"minecraft:porkchop":2,"minecraft:bucket":17,"minecraft:cooked_beef":5,"minecraft:cobbled_deepslate":25}},"DataVersion":3953}