{"stats":{"minecraft:crafted":{"minecraft:cooked_beef":2,"minecraft:oak_planks":36,"minecraft:stone_shovel":1,"minecraft:crafting_table":1,"minecraft:wooden_pickaxe":1,"minecraft:iron_helmet":1,"minecraft:iron_sword":1,"minecraft:furnace":1,"minecraft:bucket":1,"minecraft:stone_axe":2,"minecraft:air":0,"minecraft:iron_boots":1,"minecraft:iron_chestplate":1,"minecraft:diamond_pickaxe":2,"minecraft:shield":1,"minecraft:stick":24,"minecraft:iron_ingot":31,"minecraft:iron_pickaxe":1,"minecraft:stone_pickaxe":1,"minecraft:stone_sword":1,"minecraft:iron_leggings":1,"minecraft:white_bed":1,"minecraft:acacia_planks":16},"minecraft:dropped":{"minecraft:cobbled_deepslate":2,"minecraft:raw_iron":21,"minecraft:oak_planks":14,"minecraft:diamond_pickaxe":1,"minecraft:stone_pickaxe":1,"minecraft:iron_pickaxe":1},"minecraft:mined":{"minecraft:deepslate_diamond_ore":7,"minecraft:crafting_table":1,"minecraft:short_grass":3,"minecraft:acacia_log":4,"minecraft:grass_block":4,"minecraft:diorite":1,"minecraft:spawner":1,"minecraft:iron_ore":37,"minecraft:deepslate_lapis_ore":2,"minecraft:oak_log":10,"minecraft:coal_ore":11,"minecraft:deepslate_iron_ore":16,"minecraft:dirt":1,"minecraft:stone":29,"minecraft:gold_ore":1,"minecraft:white_wool":1,"minecraft:deepslate":33,"minecraft:oak_leaves":3},"minecraft:picked_up":{"minecraft:crafting_table":2,"minecraft:cooked_beef":3,"minecraft:leather":1,"minecraft:oak_log":9,"minecraft:lapis_lazuli":9,"minecraft:dirt":5,"minecraft:acacia_planks":3,"minecraft:wheat_seeds":2,"minecraft:cobbled_deepslate":25,"minecraft:raw_gold":1,"minecraft:beef":6,"minecraft:stone_pickaxe":1,"minecraft:oak_planks":6,"minecraft:stick":5,"minecraft:raw_iron":81,"minecraft:acacia_log":4,"minecraft:porkchop":2,"minecraft:diorite":2,"minecraft:rotten_flesh":8,"minecraft:stone_shovel":1,"minecraft:diamond":8,"minecraft:mutton":10,"minecraft:coal":22,"minecraft:white_wool":12,"minecraft:cobblestone":46},"minecraft:killed":{"minecraft:pig":1,"minecraft:sheep":8,"minecraft:zombie":9,"minecraft:cow":1},"minecraft:custom":{"minecraft:interact_with_furnace":20,"minecraft:mob_kills":20,"minecraft:interact_with_crafting_table":20,"minecraft:leave_game":1,"minecraft:time_since_death":27448,"minecraft:sleep_in_bed":1,"minecraft:time_since_rest":24725,"minecraft:sprint_one_cm":102824,"minecraft:damage_taken":593,"minecraft:walk_one_cm":63242,"minecraft:damage_blocked_by_shield":601,"minecraft:drop":8,"minecraft:damage_dealt":2980,"minecraft:swim_one_cm":5849,"minecraft:fly_one_cm":242049,"minecraft:open_chest":1,"minecraft:crouch_one_cm":13871,"minecraft:play_time":38649,"minecraft:deaths":1,"minecraft:sneak_time":5334,"minecraft:walk_under_water_one_cm":16626,"minecraft:jump":1313,"minecraft:walk_on_water_one_cm":18841,"minecraft:total_world_time":43739,"minecraft:fall_one_cm":38753},"minecraft:used":{"minecraft:diorite":1,"minecraft:stone_sword":4,"minecraft:stone_shovel":5,"minecraft:stone_pickaxe":62,"minecraft:oak_planks":10,"minecraft:shield":7,"minecraft:wooden_pickaxe":10,"minecraft:iron_sword":36,"minecraft:rotten_flesh":2,"minecraft:white_wool":1,"minecraft:dirt":5,"minecraft:mutton":4,"minecraft:crafting_table":2,"minecraft:white_bed":1,"minecraft:diamond_pickaxe":69,"minecraft:iron_pickaxe":3,"minecraft:stone_axe":20,"minecraft:cobblestone":9,"minecraft:furnace":1,"minecraft:porkchop":2,"minecraft:bucket":1,"minecraft:cooked_beef":4,"minecraft:cobbled_deepslate":1}},"DataVersion":3953}