{"stats":{"minecraft:picked_up":{"minecraft:feather":4,"minecraft:chicken":1},"minecraft:custom":{"minecraft:jump":62,"minecraft:time_since_rest":11740,"minecraft:damage_dealt":80,"minecraft:play_one_minute":11740,"minecraft:crouch_one_cm":85,"minecraft:leave_game":2,"minecraft:sprint_one_cm":4484,"minecraft:time_since_death":11740,"minecraft:walk_one_cm":10931,"minecraft:sneak_time":30,"minecraft:mob_kills":2,"minecraft:drop":2,"minecraft:fly_one_cm":15973},"minecraft:killed":{"minecraft:chicken":2},"minecraft:dropped":{"minecraft:feather":2},"minecraft:used":{"minecraft:netherite_sword":3,"minecraft:chicken_spawn_egg":2}},"DataVersion":2586}